
insert into tb_core_role(id, code, name, parent_code, is_sys_role, sort)
VALUES ('1','root','超级管理员','-1','1',1);
insert into tb_core_role(id, code, name, parent_code, is_sys_role, sort)
VALUES ('2','anonymous','匿名用户','-1','1',1);


insert into tb_core_user(id,login_id,password,user_name,user_type,telephone,login_count,nick_name,activation_status)
values ('1','root','f122db007ed655921f98184e4302bba84990ff68','超级管理员','0','15011071226','0','超级管理员','1');
insert into tb_core_user(id,login_id,password,user_name,user_type,telephone,login_count,nick_name,activation_status)
values ('2','anonymous','','匿名用户','0',null,'0','匿名用户','1');


insert into tb_core_user_role(id,role_id,user_id)
values ('164c3882d32811ea97e4a34c90effc21','1','1');
insert into tb_core_user_role(id,role_id,user_id)
values ('1759525ad32811ea97e4a34c90effc21','2','2');


INSERT INTO tb_core_function(id, function_name, alias, code, parent_code, url, is_menu, icon, sort, remark, moude_summary, operate_instruction, function_level, create_user, create_time, update_user, update_time, status, is_deleted) VALUES ('a499bc6cd34711ea97e4a34c90effc21', '系统管理', '系统', 'SYSTEM', '-1', null, 1, null, 1, null, null, null, 1, 'root', '2020-08-01 00:05:24', 'root', '2020-08-01 00:05:24', 1, 0);
INSERT INTO tb_core_function(id, function_name, alias, code, parent_code, url, is_menu, icon, sort, remark, moude_summary, operate_instruction, function_level, create_user, create_time, update_user, update_time, status, is_deleted) VALUES ('a49c90a4d34711ea97e4a34c90effc21', '客户端管理', '客户端列表', 'SYSTEM_CLIENT', 'SYSTEM', '/core/client/list', 1, null, 1, null, null, null, 2, 'root', '2020-08-01 00:05:24', 'root', '2020-08-01 00:05:24', 1, 0);
INSERT INTO tb_core_function(id, function_name, alias, code, parent_code, url, is_menu, icon, sort, remark, moude_summary, operate_instruction, function_level, create_user, create_time, update_user, update_time, status, is_deleted) VALUES ('a49e8d5ad34711ea97e4a34c90effc21', '部门管理', '部门列表', 'SYSTEM_ORG', 'SYSTEM', '/core/org/listByParent', 1, null, 2, null, null, null, 2, 'root', '2020-08-01 00:05:24', 'root', '2020-08-01 00:05:24', 1, 0);
INSERT INTO tb_core_function(id, function_name, alias, code, parent_code, url, is_menu, icon, sort, remark, moude_summary, operate_instruction, function_level, create_user, create_time, update_user, update_time, status, is_deleted) VALUES ('a4a0a4aad34711ea97e4a34c90effc21', '用户管理', '用户列表', 'SYSTEM_USER', 'SYSTEM', '/core/user/list', 1, null, 3, null, null, null, 2, 'root', '2020-08-01 00:05:24', 'root', '2020-08-01 00:05:24', 1, 0);
INSERT INTO tb_core_function(id, function_name, alias, code, parent_code, url, is_menu, icon, sort, remark, moude_summary, operate_instruction, function_level, create_user, create_time, update_user, update_time, status, is_deleted) VALUES ('a4a32590d34711ea97e4a34c90effc21', '角色管理', '角色列表', 'SYSTEM_ROLE', 'SYSTEM', '/core/role/listByParent', 1, null, 4, null, null, null, 2, 'root', '2020-08-01 00:05:24', 'root', '2020-08-01 00:05:24', 1, 0);
INSERT INTO tb_core_function(id, function_name, alias, code, parent_code, url, is_menu, icon, sort, remark, moude_summary, operate_instruction, function_level, create_user, create_time, update_user, update_time, status, is_deleted) VALUES ('a4a5737cd34711ea97e4a34c90effc21', '菜单管理', '功能列表', 'SYSTEM_FUNCTION', 'SYSTEM', '/core/function/listByParent', 1, null, 5, null, null, null, 2, 'root', '2020-08-01 00:05:24', 'root', '2020-08-01 00:05:24', 1, 0);
INSERT INTO tb_core_function(id, function_name, alias, code, parent_code, url, is_menu, icon, sort, remark, moude_summary, operate_instruction, function_level, create_user, create_time, update_user, update_time, status, is_deleted) VALUES ('a4a87d1ad34711ea97e4a34c90effc21', '参数管理', '参数列表', 'SYSTEM_PARAMS', 'SYSTEM', '/core/param/list', 1, null, 6, null, null, null, 2, 'root', '2020-08-01 00:05:24', 'root', '2020-08-01 00:05:24', 1, 0);
INSERT INTO tb_core_function(id, function_name, alias, code, parent_code, url, is_menu, icon, sort, remark, moude_summary, operate_instruction, function_level, create_user, create_time, update_user, update_time, status, is_deleted) VALUES ('a4aa9780d34711ea97e4a34c90effc21', '行政区管理', '行政区列表', 'SYSTEM_CITY', 'SYSTEM', '/core/city/listPage', 1, null, 7, null, null, null, 2, 'root', '2020-08-01 00:05:24', 'root', '2020-08-01 00:05:24', 1, 0);
INSERT INTO tb_core_function(id, function_name, alias, code, parent_code, url, is_menu, icon, sort, remark, moude_summary, operate_instruction, function_level, create_user, create_time, update_user, update_time, status, is_deleted) VALUES ('a4acf71ed34711ea97e4a34c90effc21', '字典管理', '字典列表', 'SYSTEM_DICT', 'SYSTEM', '/core/dict/dictTypeTree', 1, null, 8, null, null, null, 2, 'root', '2020-08-01 00:05:24', 'root', '2020-08-01 00:05:24', 1, 0);
INSERT INTO tb_core_function(id, function_name, alias, code, parent_code, url, is_menu, icon, sort, remark, moude_summary, operate_instruction, function_level, create_user, create_time, update_user, update_time, status, is_deleted) VALUES ('a4af115cd34711ea97e4a34c90effc21', '删除客户端', '删除', 'SYSTEM_CLIENT_DELETE', 'SYSTEM_CLIENT', '/core/client/delete', 0, null, 1, null, null, null, 3, 'root', '2020-08-01 00:05:24', 'root', '2020-08-01 00:05:24', 1, 0);
INSERT INTO tb_core_function(id, function_name, alias, code, parent_code, url, is_menu, icon, sort, remark, moude_summary, operate_instruction, function_level, create_user, create_time, update_user, update_time, status, is_deleted) VALUES ('a4b1cf64d34711ea97e4a34c90effc21', '更新', '新增或修改客户端', 'SYSTEM_CLIENT_SAVE', 'SYSTEM_CLIENT', '/core/client/save', 0, null, 2, null, null, null, 3, 'root', '2020-08-01 00:05:24', 'root', '2020-08-01 00:05:24', 1, 0);
INSERT INTO tb_core_function(id, function_name, alias, code, parent_code, url, is_menu, icon, sort, remark, moude_summary, operate_instruction, function_level, create_user, create_time, update_user, update_time, status, is_deleted) VALUES ('a4b3f1d6d34711ea97e4a34c90effc21', '新增', '新增部门', 'SYSTEM_ORG_ADD', 'SYSTEM_ORG', '/core/org/add', 0, null, 1, null, null, null, 3, 'root', '2020-08-01 00:05:24', 'root', '2020-08-01 00:05:24', 1, 0);
INSERT INTO tb_core_function(id, function_name, alias, code, parent_code, url, is_menu, icon, sort, remark, moude_summary, operate_instruction, function_level, create_user, create_time, update_user, update_time, status, is_deleted) VALUES ('a4b63da6d34711ea97e4a34c90effc21', '编辑', '修改部门', 'SYSTEM_ORG_UPDATE', 'SYSTEM_ORG', '/core/org/update', 0, null, 2, null, null, null, 3, 'root', '2020-08-01 00:05:24', 'root', '2020-08-01 00:05:24', 1, 0);
INSERT INTO tb_core_function(id, function_name, alias, code, parent_code, url, is_menu, icon, sort, remark, moude_summary, operate_instruction, function_level, create_user, create_time, update_user, update_time, status, is_deleted) VALUES ('a4b841f0d34711ea97e4a34c90effc21', '删除', '删除部门', 'SYSTEM_ORG_DELETE', 'SYSTEM_ORG', '/core/org/deleteStatus', 0, null, 3, null, null, null, 3, 'root', '2020-08-01 00:05:24', 'root', '2020-08-01 00:05:24', 1, 0);
INSERT INTO tb_core_function(id, function_name, alias, code, parent_code, url, is_menu, icon, sort, remark, moude_summary, operate_instruction, function_level, create_user, create_time, update_user, update_time, status, is_deleted) VALUES ('a4be9b9ad34711ea97e4a34c90effc21', '树形部门', '加载部门树形菜单', 'SYSTEM_ORG_TREE', 'SYSTEM_ORG', '/core/org/tree', 0, null, 4, null, null, null, 3, 'root', '2020-08-01 00:05:24', 'root', '2020-08-01 00:05:24', 1, 0);
INSERT INTO tb_core_function(id, function_name, alias, code, parent_code, url, is_menu, icon, sort, remark, moude_summary, operate_instruction, function_level, create_user, create_time, update_user, update_time, status, is_deleted) VALUES ('a4c0e738d34711ea97e4a34c90effc21', '详情', '用户详情', 'SYSTEM_USER_DETAIL', 'SYSTEM_USER', '/core/user/get', 0, null, 1, null, null, null, 3, 'root', '2020-08-01 00:05:24', 'root', '2020-08-01 00:05:24', 1, 0);
INSERT INTO tb_core_function(id, function_name, alias, code, parent_code, url, is_menu, icon, sort, remark, moude_summary, operate_instruction, function_level, create_user, create_time, update_user, update_time, status, is_deleted) VALUES ('a4c2f546d34711ea97e4a34c90effc21', '新增', '新增用户', 'SYSTEM_USER_ADD', 'SYSTEM_USER', '/core/user/add', 0, null, 2, null, null, null, 3, 'root', '2020-08-01 00:05:24', 'root', '2020-08-01 00:05:24', 1, 0);
INSERT INTO tb_core_function(id, function_name, alias, code, parent_code, url, is_menu, icon, sort, remark, moude_summary, operate_instruction, function_level, create_user, create_time, update_user, update_time, status, is_deleted) VALUES ('a4c55fa2d34711ea97e4a34c90effc21', '修改', '修改用户', 'SYSTEM_USER_UPDATE', 'SYSTEM_USER', '/core/user/update', 0, null, 2, null, null, null, 3, 'root', '2020-08-01 00:05:24', 'root', '2020-08-01 00:05:24', 1, 0);
INSERT INTO tb_core_function(id, function_name, alias, code, parent_code, url, is_menu, icon, sort, remark, moude_summary, operate_instruction, function_level, create_user, create_time, update_user, update_time, status, is_deleted) VALUES ('a4c77256d34711ea97e4a34c90effc21', '删除', '删除用户', 'SYSTEM_USER_DELETE', 'SYSTEM_USER', '/core/user/delete', 0, null, 2, null, null, null, 3, 'root', '2020-08-01 00:05:24', 'root', '2020-08-01 00:05:24', 1, 0);
INSERT INTO tb_core_function(id, function_name, alias, code, parent_code, url, is_menu, icon, sort, remark, moude_summary, operate_instruction, function_level, create_user, create_time, update_user, update_time, status, is_deleted) VALUES ('a4c9c2c2d34711ea97e4a34c90effc21', '重制密码', '重制用户密码', 'SYSTEM_USER_RESETPASSWORD', 'SYSTEM_USER', '/core/user/resetPassword', 0, null, 2, null, null, null, 3, 'root', '2020-08-01 00:05:24', 'root', '2020-08-01 00:05:24', 1, 0);
INSERT INTO tb_core_function(id, function_name, alias, code, parent_code, url, is_menu, icon, sort, remark, moude_summary, operate_instruction, function_level, create_user, create_time, update_user, update_time, status, is_deleted) VALUES ('a4cbd33cd34711ea97e4a34c90effc21', '导入用户', '批量导入用户', 'SYSTEM_USER_IMPORTUSER', 'SYSTEM_USER', '/core/user/importUser', 0, null, 2, null, null, null, 3, 'root', '2020-08-01 00:05:24', 'root', '2020-08-01 00:05:24', 1, 0);
INSERT INTO tb_core_function(id, function_name, alias, code, parent_code, url, is_menu, icon, sort, remark, moude_summary, operate_instruction, function_level, create_user, create_time, update_user, update_time, status, is_deleted) VALUES ('a4cde53cd34711ea97e4a34c90effc21', '导出用户', '批量导出用户', 'SYSTEM_USER_EXPORTUSER', 'SYSTEM_USER', '/core/user/exportUser', 0, null, 2, null, null, null, 3, 'root', '2020-08-01 00:05:24', 'root', '2020-08-01 00:05:24', 1, 0);
INSERT INTO tb_core_function(id, function_name, alias, code, parent_code, url, is_menu, icon, sort, remark, moude_summary, operate_instruction, function_level, create_user, create_time, update_user, update_time, status, is_deleted) VALUES ('a4d00588d34711ea97e4a34c90effc21', '设置角色', '重新设置用户角色', 'SYSTEM_USER_UPDATEROLE', 'SYSTEM_USER', '/core/user/addRole', 0, null, 2, null, null, null, 3, 'root', '2020-08-01 00:05:24', 'root', '2020-08-01 00:05:24', 1, 0);
INSERT INTO tb_core_function(id, function_name, alias, code, parent_code, url, is_menu, icon, sort, remark, moude_summary, operate_instruction, function_level, create_user, create_time, update_user, update_time, status, is_deleted) VALUES ('a4d1c7e2d34711ea97e4a34c90effc21', '查询用户角色', '查询用户所属角色', 'SYSTEM_USER_USERROLE', 'SYSTEM_USER', '/core/user/userRole', 0, null, 2, null, null, null, 3, 'root', '2020-08-01 00:05:24', 'root', '2020-08-01 00:05:24', 1, 0);
INSERT INTO tb_core_function(id, function_name, alias, code, parent_code, url, is_menu, icon, sort, remark, moude_summary, operate_instruction, function_level, create_user, create_time, update_user, update_time, status, is_deleted) VALUES ('a4d34c5cd34711ea97e4a34c90effc21', '懒加载树形部门', '懒加载部门树形菜单', 'SYSTEM_USER_LAZYTREE', 'SYSTEM_USER', '/core/org/lazyTree', 0, null, 5, null, null, null, 3, 'root', '2020-08-01 00:05:24', 'root', '2020-08-01 00:05:24', 1, 0);
INSERT INTO tb_core_function(id, function_name, alias, code, parent_code, url, is_menu, icon, sort, remark, moude_summary, operate_instruction, function_level, create_user, create_time, update_user, update_time, status, is_deleted) VALUES ('a4d52572d34711ea97e4a34c90effc21', '新增', '新增角色', 'SYSTEM_ROLE_ADD', 'SYSTEM_ROLE', '/core/role/add', 0, null, 1, null, null, null, 3, 'root', '2020-08-01 00:05:24', 'root', '2020-08-01 00:05:24', 1, 0);
INSERT INTO tb_core_function(id, function_name, alias, code, parent_code, url, is_menu, icon, sort, remark, moude_summary, operate_instruction, function_level, create_user, create_time, update_user, update_time, status, is_deleted) VALUES ('a4d6c12ad34711ea97e4a34c90effc21', '删除', '删除角色', 'SYSTEM_ROLE_DELETE', 'SYSTEM_ROLE', '/core/role/deleteStatus', 0, null, 1, null, null, null, 3, 'root', '2020-08-01 00:05:24', 'root', '2020-08-01 00:05:24', 1, 0);
INSERT INTO tb_core_function(id, function_name, alias, code, parent_code, url, is_menu, icon, sort, remark, moude_summary, operate_instruction, function_level, create_user, create_time, update_user, update_time, status, is_deleted) VALUES ('a4da22e8d34711ea97e4a34c90effc21', '修改', '修改角色', 'SYSTEM_ROLE_UPDATE', 'SYSTEM_ROLE', '/core/role/update', 0, null, 1, null, null, null, 3, 'root', '2020-08-01 00:05:25', 'root', '2020-08-01 00:05:25', 1, 0);
INSERT INTO tb_core_function(id, function_name, alias, code, parent_code, url, is_menu, icon, sort, remark, moude_summary, operate_instruction, function_level, create_user, create_time, update_user, update_time, status, is_deleted) VALUES ('a4dc6b52d34711ea97e4a34c90effc21', '角色权限', '查询角色权限', 'SYSTEM_ROLE_ROLEFUNCTION', 'SYSTEM_ROLE', '/core/role/roleFunction', 0, null, 1, null, null, null, 3, 'root', '2020-08-01 00:05:25', 'root', '2020-08-01 00:05:25', 1, 0);
INSERT INTO tb_core_function(id, function_name, alias, code, parent_code, url, is_menu, icon, sort, remark, moude_summary, operate_instruction, function_level, create_user, create_time, update_user, update_time, status, is_deleted) VALUES ('a4df8e40d34711ea97e4a34c90effc21', '设置角色权限', '重新给角色赋权', 'SYSTEM_ROLE_UPDATEFUNCTION', 'SYSTEM_ROLE', '/core/role/addFunction', 0, null, 1, null, null, null, 3, 'root', '2020-08-01 00:05:25', 'root', '2020-08-01 00:05:25', 1, 0);
INSERT INTO tb_core_function(id, function_name, alias, code, parent_code, url, is_menu, icon, sort, remark, moude_summary, operate_instruction, function_level, create_user, create_time, update_user, update_time, status, is_deleted) VALUES ('a4e17f02d34711ea97e4a34c90effc21', '懒加载树形权限', '懒加载功能树形结构', 'SYSTEM_ROLE_LAZYTREE', 'SYSTEM_ROLE', '/core/function/lazyTree', 0, null, 1, null, null, null, 3, 'root', '2020-08-01 00:05:25', 'root', '2020-08-01 00:05:25', 1, 0);
INSERT INTO tb_core_function(id, function_name, alias, code, parent_code, url, is_menu, icon, sort, remark, moude_summary, operate_instruction, function_level, create_user, create_time, update_user, update_time, status, is_deleted) VALUES ('a4e30584d34711ea97e4a34c90effc21', '懒加载所属角色树形权限', '懒加载角色所有功能树形结构', 'SYSTEM_ROLE_LAZYTREEBYROLE', 'SYSTEM_ROLE', '/core/function/lazyTreeByRole', 0, null, 1, null, null, null, 3, 'root', '2020-08-01 00:05:25', 'root', '2020-08-01 00:05:25', 1, 0);
INSERT INTO tb_core_function(id, function_name, alias, code, parent_code, url, is_menu, icon, sort, remark, moude_summary, operate_instruction, function_level, create_user, create_time, update_user, update_time, status, is_deleted) VALUES ('a4e4ccacd34711ea97e4a34c90effc21', '加载所属角色树形权限列表', '加载所属角色树形功能列表', 'SYSTEM_ROLE_LISTTREE', 'SYSTEM_ROLE', '/core/function/listTree', 0, null, 1, null, null, null, 3, 'root', '2020-08-01 00:05:25', 'root', '2020-08-01 00:05:25', 1, 0);
INSERT INTO tb_core_function(id, function_name, alias, code, parent_code, url, is_menu, icon, sort, remark, moude_summary, operate_instruction, function_level, create_user, create_time, update_user, update_time, status, is_deleted) VALUES ('a4e7808cd34711ea97e4a34c90effc21', '删除', '删除功能', 'SYSTEM_FUNCTION_DELETE', 'SYSTEM_FUNCTION', '/core/function/delete', 0, null, 1, null, null, null, 3, 'root', '2020-08-01 00:05:25', 'root', '2020-08-01 00:05:25', 1, 0);
INSERT INTO tb_core_function(id, function_name, alias, code, parent_code, url, is_menu, icon, sort, remark, moude_summary, operate_instruction, function_level, create_user, create_time, update_user, update_time, status, is_deleted) VALUES ('a4ea8566d34711ea97e4a34c90effc21', '新增', '新增功能', 'SYSTEM_FUNCTION_ADD', 'SYSTEM_FUNCTION', '/core/function/add', 0, null, 1, null, null, null, 3, 'root', '2020-08-01 00:05:25', 'root', '2020-08-01 00:05:25', 1, 0);
INSERT INTO tb_core_function(id, function_name, alias, code, parent_code, url, is_menu, icon, sort, remark, moude_summary, operate_instruction, function_level, create_user, create_time, update_user, update_time, status, is_deleted) VALUES ('a4ec71bed34711ea97e4a34c90effc21', '修改', '修改功能', 'SYSTEM_FUNCTION_UPDATE', 'SYSTEM_FUNCTION', '/core/function/update', 0, null, 1, null, null, null, 3, 'root', '2020-08-01 00:05:25', 'root', '2020-08-01 00:05:25', 1, 0);
INSERT INTO tb_core_function(id, function_name, alias, code, parent_code, url, is_menu, icon, sort, remark, moude_summary, operate_instruction, function_level, create_user, create_time, update_user, update_time, status, is_deleted) VALUES ('a4ee0e20d34711ea97e4a34c90effc21', '删除', '删除参数', 'SYSTEM_PARAMS_DELETE', 'SYSTEM_PARAMS', '/core/param/delete', 0, null, 1, null, null, null, 3, 'root', '2020-08-01 00:05:25', 'root', '2020-08-01 00:05:25', 1, 0);
INSERT INTO tb_core_function(id, function_name, alias, code, parent_code, url, is_menu, icon, sort, remark, moude_summary, operate_instruction, function_level, create_user, create_time, update_user, update_time, status, is_deleted) VALUES ('a4efe8a8d34711ea97e4a34c90effc21', '新增', '新增参数', 'SYSTEM_PARAMS_ADD', 'SYSTEM_PARAMS', '/core/param/add', 0, null, 1, null, null, null, 3, 'root', '2020-08-01 00:05:25', 'root', '2020-08-01 00:05:25', 1, 0);
INSERT INTO tb_core_function(id, function_name, alias, code, parent_code, url, is_menu, icon, sort, remark, moude_summary, operate_instruction, function_level, create_user, create_time, update_user, update_time, status, is_deleted) VALUES ('a4f1819ad34711ea97e4a34c90effc21', '修改', '修改参数', 'SYSTEM_PARAMS_UPDATE', 'SYSTEM_PARAMS', '/core/param/update', 0, null, 1, null, null, null, 3, 'root', '2020-08-01 00:05:25', 'root', '2020-08-01 00:05:25', 1, 0);
INSERT INTO tb_core_function(id, function_name, alias, code, parent_code, url, is_menu, icon, sort, remark, moude_summary, operate_instruction, function_level, create_user, create_time, update_user, update_time, status, is_deleted) VALUES ('a4f353b2d34711ea97e4a34c90effc21', '立即生效', '立即生效参数', 'SYSTEM_PARAMS_TAKEEFFECT', 'SYSTEM_PARAMS', '/core/param/takeEffect', 0, null, 1, null, null, null, 3, 'root', '2020-08-01 00:05:25', 'root', '2020-08-01 00:05:25', 1, 0);
INSERT INTO tb_core_function(id, function_name, alias, code, parent_code, url, is_menu, icon, sort, remark, moude_summary, operate_instruction, function_level, create_user, create_time, update_user, update_time, status, is_deleted) VALUES ('a4f5525cd34711ea97e4a34c90effc21', '全部生效', '生效全部参数', 'SYSTEM_PARAMS_EFFECTALL', 'SYSTEM_PARAMS', '/core/param/effectAll', 0, null, 1, null, null, null, 3, 'root', '2020-08-01 00:05:25', 'root', '2020-08-01 00:05:25', 1, 0);
INSERT INTO tb_core_function(id, function_name, alias, code, parent_code, url, is_menu, icon, sort, remark, moude_summary, operate_instruction, function_level, create_user, create_time, update_user, update_time, status, is_deleted) VALUES ('a4f6d7eed34711ea97e4a34c90effc21', '保存', '新增或修改行政区', 'SYSTEM_CITY_SAVE', 'SYSTEM_CITY', '/core/city/save', 0, null, 1, null, null, null, 3, 'root', '2020-08-01 00:05:25', 'root', '2020-08-01 00:05:25', 1, 0);
INSERT INTO tb_core_function(id, function_name, alias, code, parent_code, url, is_menu, icon, sort, remark, moude_summary, operate_instruction, function_level, create_user, create_time, update_user, update_time, status, is_deleted) VALUES ('a4f8b9ced34711ea97e4a34c90effc21', '删除', '删除行政区', 'SYSTEM_CITY_DELETE', 'SYSTEM_CITY', '/core/city/delete', 0, null, 1, null, null, null, 3, 'root', '2020-08-01 00:05:25', 'root', '2020-08-01 00:05:25', 1, 0);
INSERT INTO tb_core_function(id, function_name, alias, code, parent_code, url, is_menu, icon, sort, remark, moude_summary, operate_instruction, function_level, create_user, create_time, update_user, update_time, status, is_deleted) VALUES ('a4fbb192d34711ea97e4a34c90effc21', '保存字典类型', '新增或者修改字典类型', 'SYSTEM_DICT_TYPE_SAVE', 'SYSTEM_DICT', '/core/dict/saveDictType', 0, null, 1, null, null, null, 3, 'root', '2020-08-01 00:05:25', 'root', '2020-08-01 00:05:25', 1, 0);
INSERT INTO tb_core_function(id, function_name, alias, code, parent_code, url, is_menu, icon, sort, remark, moude_summary, operate_instruction, function_level, create_user, create_time, update_user, update_time, status, is_deleted) VALUES ('a5003528d34711ea97e4a34c90effc21', '删除字典类型', '删除字典类型', 'SYSTEM_DICT_TYPE_DELETE', 'SYSTEM_DICT', '/core/dict/deleteDictType', 0, null, 1, null, null, null, 3, 'root', '2020-08-01 00:05:25', 'root', '2020-08-01 00:05:25', 1, 0);
INSERT INTO tb_core_function(id, function_name, alias, code, parent_code, url, is_menu, icon, sort, remark, moude_summary, operate_instruction, function_level, create_user, create_time, update_user, update_time, status, is_deleted) VALUES ('a502303ad34711ea97e4a34c90effc21', '字典类型详情', '查询字典类型详情', 'SYSTEM_DICT_TYPE_DETAIL', 'SYSTEM_DICT', '/core/dict/getDictType', 0, null, 1, null, null, null, 3, 'root', '2020-08-01 00:05:25', 'root', '2020-08-01 00:05:25', 1, 0);
INSERT INTO tb_core_function(id, function_name, alias, code, parent_code, url, is_menu, icon, sort, remark, moude_summary, operate_instruction, function_level, create_user, create_time, update_user, update_time, status, is_deleted) VALUES ('a504126ad34711ea97e4a34c90effc21', '字典列表', '分页查询字典列表', 'SYSTEM_DICT_LIST', 'SYSTEM_DICT', '/core/dict/listByType', 0, null, 1, null, null, null, 3, 'root', '2020-08-01 00:05:25', 'root', '2020-08-01 00:05:25', 1, 0);
INSERT INTO tb_core_function(id, function_name, alias, code, parent_code, url, is_menu, icon, sort, remark, moude_summary, operate_instruction, function_level, create_user, create_time, update_user, update_time, status, is_deleted) VALUES ('a505e4dcd34711ea97e4a34c90effc21', '保存字典', '新增或修改一个字典', 'SYSTEM_DICT_SAVE', 'SYSTEM_DICT', '/core/city/saveDict', 0, null, 1, null, null, null, 3, 'root', '2020-08-01 00:05:25', 'root', '2020-08-01 00:05:25', 1, 0);
INSERT INTO tb_core_function(id, function_name, alias, code, parent_code, url, is_menu, icon, sort, remark, moude_summary, operate_instruction, function_level, create_user, create_time, update_user, update_time, status, is_deleted) VALUES ('a507a81cd34711ea97e4a34c90effc21', '删除字典', '删除字典', 'SYSTEM_DICT_DELETE', 'SYSTEM_DICT', '/core/dict/deleteDict', 0, null, 1, null, null, null, 3, 'root', '2020-08-01 00:05:25', 'root', '2020-08-01 00:05:25', 1, 0);
INSERT INTO tb_core_function(id, function_name, alias, code, parent_code, url, is_menu, icon, sort, remark, moude_summary, operate_instruction, function_level, create_user, create_time, update_user, update_time, status, is_deleted) VALUES ('a5098966d34711ea97e4a34c90effc21', '字典详情', '查询字典详情', 'SYSTEM_DICT_DETAIL', 'SYSTEM_DICT', '/core/dict/getDict', 0, null, 1, null, null, null, 3, 'root', '2020-08-01 00:05:25', 'root', '2020-08-01 00:05:25', 1, 0);
INSERT INTO tb_core_function(id, function_name, alias, code, parent_code, url, is_menu, icon, sort, remark, moude_summary, operate_instruction, function_level, create_user, create_time, update_user, update_time, status, is_deleted) VALUES ('a50b70a0d34711ea97e4a34c90effc21', '查询下级行政区', '查询下级行政区', 'CITY_LISTCHILD', '-1', '/core/city/listChild', 0, null, 2, null, null, null, 1, 'root', '2020-08-01 00:05:25', 'root', '2020-08-01 00:05:25', 1, 0);
INSERT INTO tb_core_function(id, function_name, alias, code, parent_code, url, is_menu, icon, sort, remark, moude_summary, operate_instruction, function_level, create_user, create_time, update_user, update_time, status, is_deleted) VALUES ('a50d131ad34711ea97e4a34c90effc21', '懒加载树形行政区', '懒加载树形行政区', 'CITY_LAZYTREE', '-1', '/core/city/lazyTree', 0, null, 2, null, null, null, 1, 'root', '2020-08-01 00:05:25', 'root', '2020-08-01 00:05:25', 1, 0);
INSERT INTO tb_core_function(id, function_name, alias, code, parent_code, url, is_menu, icon, sort, remark, moude_summary, operate_instruction, function_level, create_user, create_time, update_user, update_time, status, is_deleted) VALUES ('a50ee7f8d34711ea97e4a34c90effc21', '加载所属角色树形菜单列表', '加载所属角色树形菜单列表', 'FUNCTION_LISTMENUTREE', '-1', '/core/function/listMenuTree', 0, null, 2, null, null, null, 3, 'root', '2020-08-01 00:05:25', 'root', '2020-08-01 00:05:25', 1, 0);
INSERT INTO tb_core_function(id, function_name, alias, code, parent_code, url, is_menu, icon, sort, remark, moude_summary, operate_instruction, function_level, create_user, create_time, update_user, update_time, status, is_deleted) VALUES ('a51089b4d34711ea97e4a34c90effc21', '加载菜单下所属角色的按钮列表', '加载菜单下所属角色的按钮列表', 'FUNCTION_LISTBUT', '-1', '/core/function/listBut', 0, null, 2, null, null, null, 3, 'root', '2020-08-01 00:05:25', 'root', '2020-08-01 00:05:25', 1, 0);


INSERT INTO tb_core_role_function (id, role_id, function_id, create_user, create_time, update_user, update_time, status, is_deleted) VALUES ('0cdeb510d34911ea97e4a34c90effc21', '1', 'a50d131ad34711ea97e4a34c90effc21', 'root', '2020-08-01 00:15:29', 'root', '2020-08-01 00:15:29', 1, 0);
INSERT INTO tb_core_role_function (id, role_id, function_id, create_user, create_time, update_user, update_time, status, is_deleted) VALUES ('0ce1b9c2d34911ea97e4a34c90effc21', '1', 'a50b70a0d34711ea97e4a34c90effc21', 'root', '2020-08-01 00:15:29', 'root', '2020-08-01 00:15:29', 1, 0);
INSERT INTO tb_core_role_function (id, role_id, function_id, create_user, create_time, update_user, update_time, status, is_deleted) VALUES ('0ce360d8d34911ea97e4a34c90effc21', '1', 'a51089b4d34711ea97e4a34c90effc21', 'root', '2020-08-01 00:15:29', 'root', '2020-08-01 00:15:29', 1, 0);
INSERT INTO tb_core_role_function (id, role_id, function_id, create_user, create_time, update_user, update_time, status, is_deleted) VALUES ('0ce50e42d34911ea97e4a34c90effc21', '1', 'a50ee7f8d34711ea97e4a34c90effc21', 'root', '2020-08-01 00:15:29', 'root', '2020-08-01 00:15:29', 1, 0);
INSERT INTO tb_core_role_function (id, role_id, function_id, create_user, create_time, update_user, update_time, status, is_deleted) VALUES ('0ce69794d34911ea97e4a34c90effc21', '1', 'a499bc6cd34711ea97e4a34c90effc21', 'root', '2020-08-01 00:15:29', 'root', '2020-08-01 00:15:29', 1, 0);
INSERT INTO tb_core_role_function (id, role_id, function_id, create_user, create_time, update_user, update_time, status, is_deleted) VALUES ('0ce82d70d34911ea97e4a34c90effc21', '1', 'a4aa9780d34711ea97e4a34c90effc21', 'root', '2020-08-01 00:15:29', 'root', '2020-08-01 00:15:29', 1, 0);
INSERT INTO tb_core_role_function (id, role_id, function_id, create_user, create_time, update_user, update_time, status, is_deleted) VALUES ('0ce998e0d34911ea97e4a34c90effc21', '1', 'a4f8b9ced34711ea97e4a34c90effc21', 'root', '2020-08-01 00:15:29', 'root', '2020-08-01 00:15:29', 1, 0);
INSERT INTO tb_core_role_function (id, role_id, function_id, create_user, create_time, update_user, update_time, status, is_deleted) VALUES ('0ceb0afed34911ea97e4a34c90effc21', '1', 'a4f6d7eed34711ea97e4a34c90effc21', 'root', '2020-08-01 00:15:29', 'root', '2020-08-01 00:15:29', 1, 0);
INSERT INTO tb_core_role_function (id, role_id, function_id, create_user, create_time, update_user, update_time, status, is_deleted) VALUES ('0cec793ed34911ea97e4a34c90effc21', '1', 'a49c90a4d34711ea97e4a34c90effc21', 'root', '2020-08-01 00:15:29', 'root', '2020-08-01 00:15:29', 1, 0);
INSERT INTO tb_core_role_function (id, role_id, function_id, create_user, create_time, update_user, update_time, status, is_deleted) VALUES ('0cedaf02d34911ea97e4a34c90effc21', '1', 'a4af115cd34711ea97e4a34c90effc21', 'root', '2020-08-01 00:15:29', 'root', '2020-08-01 00:15:29', 1, 0);
INSERT INTO tb_core_role_function (id, role_id, function_id, create_user, create_time, update_user, update_time, status, is_deleted) VALUES ('0cef3638d34911ea97e4a34c90effc21', '1', 'a4b1cf64d34711ea97e4a34c90effc21', 'root', '2020-08-01 00:15:29', 'root', '2020-08-01 00:15:29', 1, 0);
INSERT INTO tb_core_role_function (id, role_id, function_id, create_user, create_time, update_user, update_time, status, is_deleted) VALUES ('0cf0d9b6d34911ea97e4a34c90effc21', '1', 'a4acf71ed34711ea97e4a34c90effc21', 'root', '2020-08-01 00:15:29', 'root', '2020-08-01 00:15:29', 1, 0);
INSERT INTO tb_core_role_function (id, role_id, function_id, create_user, create_time, update_user, update_time, status, is_deleted) VALUES ('0cf222e4d34911ea97e4a34c90effc21', '1', 'a507a81cd34711ea97e4a34c90effc21', 'root', '2020-08-01 00:15:29', 'root', '2020-08-01 00:15:29', 1, 0);
INSERT INTO tb_core_role_function (id, role_id, function_id, create_user, create_time, update_user, update_time, status, is_deleted) VALUES ('0cf3a632d34911ea97e4a34c90effc21', '1', 'a5098966d34711ea97e4a34c90effc21', 'root', '2020-08-01 00:15:29', 'root', '2020-08-01 00:15:29', 1, 0);
INSERT INTO tb_core_role_function (id, role_id, function_id, create_user, create_time, update_user, update_time, status, is_deleted) VALUES ('0cf66f20d34911ea97e4a34c90effc21', '1', 'a504126ad34711ea97e4a34c90effc21', 'root', '2020-08-01 00:15:29', 'root', '2020-08-01 00:15:29', 1, 0);
INSERT INTO tb_core_role_function (id, role_id, function_id, create_user, create_time, update_user, update_time, status, is_deleted) VALUES ('0cf7c87ad34911ea97e4a34c90effc21', '1', 'a505e4dcd34711ea97e4a34c90effc21', 'root', '2020-08-01 00:15:29', 'root', '2020-08-01 00:15:29', 1, 0);
INSERT INTO tb_core_role_function (id, role_id, function_id, create_user, create_time, update_user, update_time, status, is_deleted) VALUES ('0cf98552d34911ea97e4a34c90effc21', '1', 'a5003528d34711ea97e4a34c90effc21', 'root', '2020-08-01 00:15:29', 'root', '2020-08-01 00:15:29', 1, 0);
INSERT INTO tb_core_role_function (id, role_id, function_id, create_user, create_time, update_user, update_time, status, is_deleted) VALUES ('0cfb2ac4d34911ea97e4a34c90effc21', '1', 'a502303ad34711ea97e4a34c90effc21', 'root', '2020-08-01 00:15:29', 'root', '2020-08-01 00:15:29', 1, 0);
INSERT INTO tb_core_role_function (id, role_id, function_id, create_user, create_time, update_user, update_time, status, is_deleted) VALUES ('0cffe258d34911ea97e4a34c90effc21', '1', 'a4fbb192d34711ea97e4a34c90effc21', 'root', '2020-08-01 00:15:29', 'root', '2020-08-01 00:15:29', 1, 0);
INSERT INTO tb_core_role_function (id, role_id, function_id, create_user, create_time, update_user, update_time, status, is_deleted) VALUES ('0d05803cd34911ea97e4a34c90effc21', '1', 'a4a5737cd34711ea97e4a34c90effc21', 'root', '2020-08-01 00:15:29', 'root', '2020-08-01 00:15:29', 1, 0);
INSERT INTO tb_core_role_function (id, role_id, function_id, create_user, create_time, update_user, update_time, status, is_deleted) VALUES ('0d08fe92d34911ea97e4a34c90effc21', '1', 'a4ea8566d34711ea97e4a34c90effc21', 'root', '2020-08-01 00:15:29', 'root', '2020-08-01 00:15:29', 1, 0);
INSERT INTO tb_core_role_function (id, role_id, function_id, create_user, create_time, update_user, update_time, status, is_deleted) VALUES ('0d0abc8cd34911ea97e4a34c90effc21', '1', 'a4e7808cd34711ea97e4a34c90effc21', 'root', '2020-08-01 00:15:29', 'root', '2020-08-01 00:15:29', 1, 0);
INSERT INTO tb_core_role_function (id, role_id, function_id, create_user, create_time, update_user, update_time, status, is_deleted) VALUES ('0d0c62b2d34911ea97e4a34c90effc21', '1', 'a4ec71bed34711ea97e4a34c90effc21', 'root', '2020-08-01 00:15:29', 'root', '2020-08-01 00:15:29', 1, 0);
INSERT INTO tb_core_role_function (id, role_id, function_id, create_user, create_time, update_user, update_time, status, is_deleted) VALUES ('0d0e203ed34911ea97e4a34c90effc21', '1', 'a49e8d5ad34711ea97e4a34c90effc21', 'root', '2020-08-01 00:15:29', 'root', '2020-08-01 00:15:29', 1, 0);
INSERT INTO tb_core_role_function (id, role_id, function_id, create_user, create_time, update_user, update_time, status, is_deleted) VALUES ('0d102514d34911ea97e4a34c90effc21', '1', 'a4b3f1d6d34711ea97e4a34c90effc21', 'root', '2020-08-01 00:15:29', 'root', '2020-08-01 00:15:29', 1, 0);
INSERT INTO tb_core_role_function (id, role_id, function_id, create_user, create_time, update_user, update_time, status, is_deleted) VALUES ('0d11b53cd34911ea97e4a34c90effc21', '1', 'a4b841f0d34711ea97e4a34c90effc21', 'root', '2020-08-01 00:15:29', 'root', '2020-08-01 00:15:29', 1, 0);
INSERT INTO tb_core_role_function (id, role_id, function_id, create_user, create_time, update_user, update_time, status, is_deleted) VALUES ('0d1362ced34911ea97e4a34c90effc21', '1', 'a4be9b9ad34711ea97e4a34c90effc21', 'root', '2020-08-01 00:15:29', 'root', '2020-08-01 00:15:29', 1, 0);
INSERT INTO tb_core_role_function (id, role_id, function_id, create_user, create_time, update_user, update_time, status, is_deleted) VALUES ('0d14bde0d34911ea97e4a34c90effc21', '1', 'a4b63da6d34711ea97e4a34c90effc21', 'root', '2020-08-01 00:15:29', 'root', '2020-08-01 00:15:29', 1, 0);
INSERT INTO tb_core_role_function (id, role_id, function_id, create_user, create_time, update_user, update_time, status, is_deleted) VALUES ('0d16cf68d34911ea97e4a34c90effc21', '1', 'a4a87d1ad34711ea97e4a34c90effc21', 'root', '2020-08-01 00:15:29', 'root', '2020-08-01 00:15:29', 1, 0);
INSERT INTO tb_core_role_function (id, role_id, function_id, create_user, create_time, update_user, update_time, status, is_deleted) VALUES ('0d181800d34911ea97e4a34c90effc21', '1', 'a4efe8a8d34711ea97e4a34c90effc21', 'root', '2020-08-01 00:15:29', 'root', '2020-08-01 00:15:29', 1, 0);
INSERT INTO tb_core_role_function (id, role_id, function_id, create_user, create_time, update_user, update_time, status, is_deleted) VALUES ('0d1a17ead34911ea97e4a34c90effc21', '1', 'a4ee0e20d34711ea97e4a34c90effc21', 'root', '2020-08-01 00:15:29', 'root', '2020-08-01 00:15:29', 1, 0);
INSERT INTO tb_core_role_function (id, role_id, function_id, create_user, create_time, update_user, update_time, status, is_deleted) VALUES ('0d1b7900d34911ea97e4a34c90effc21', '1', 'a4f5525cd34711ea97e4a34c90effc21', 'root', '2020-08-01 00:15:29', 'root', '2020-08-01 00:15:29', 1, 0);
INSERT INTO tb_core_role_function (id, role_id, function_id, create_user, create_time, update_user, update_time, status, is_deleted) VALUES ('0d1dd8d0d34911ea97e4a34c90effc21', '1', 'a4f353b2d34711ea97e4a34c90effc21', 'root', '2020-08-01 00:15:29', 'root', '2020-08-01 00:15:29', 1, 0);
INSERT INTO tb_core_role_function (id, role_id, function_id, create_user, create_time, update_user, update_time, status, is_deleted) VALUES ('0d22aad6d34911ea97e4a34c90effc21', '1', 'a4f1819ad34711ea97e4a34c90effc21', 'root', '2020-08-01 00:15:29', 'root', '2020-08-01 00:15:29', 1, 0);
INSERT INTO tb_core_role_function (id, role_id, function_id, create_user, create_time, update_user, update_time, status, is_deleted) VALUES ('0d24737ad34911ea97e4a34c90effc21', '1', 'a4a32590d34711ea97e4a34c90effc21', 'root', '2020-08-01 00:15:29', 'root', '2020-08-01 00:15:29', 1, 0);
INSERT INTO tb_core_role_function (id, role_id, function_id, create_user, create_time, update_user, update_time, status, is_deleted) VALUES ('0d27f194d34911ea97e4a34c90effc21', '1', 'a4d52572d34711ea97e4a34c90effc21', 'root', '2020-08-01 00:15:29', 'root', '2020-08-01 00:15:29', 1, 0);
INSERT INTO tb_core_role_function (id, role_id, function_id, create_user, create_time, update_user, update_time, status, is_deleted) VALUES ('0d2996a2d34911ea97e4a34c90effc21', '1', 'a4d6c12ad34711ea97e4a34c90effc21', 'root', '2020-08-01 00:15:29', 'root', '2020-08-01 00:15:29', 1, 0);
INSERT INTO tb_core_role_function (id, role_id, function_id, create_user, create_time, update_user, update_time, status, is_deleted) VALUES ('0d2ae822d34911ea97e4a34c90effc21', '1', 'a4e17f02d34711ea97e4a34c90effc21', 'root', '2020-08-01 00:15:29', 'root', '2020-08-01 00:15:29', 1, 0);
INSERT INTO tb_core_role_function (id, role_id, function_id, create_user, create_time, update_user, update_time, status, is_deleted) VALUES ('0d2c55b8d34911ea97e4a34c90effc21', '1', 'a4e30584d34711ea97e4a34c90effc21', 'root', '2020-08-01 00:15:29', 'root', '2020-08-01 00:15:29', 1, 0);
INSERT INTO tb_core_role_function (id, role_id, function_id, create_user, create_time, update_user, update_time, status, is_deleted) VALUES ('0d2dd8e8d34911ea97e4a34c90effc21', '1', 'a4e4ccacd34711ea97e4a34c90effc21', 'root', '2020-08-01 00:15:29', 'root', '2020-08-01 00:15:29', 1, 0);
INSERT INTO tb_core_role_function (id, role_id, function_id, create_user, create_time, update_user, update_time, status, is_deleted) VALUES ('0d2f37d8d34911ea97e4a34c90effc21', '1', 'a4dc6b52d34711ea97e4a34c90effc21', 'root', '2020-08-01 00:15:29', 'root', '2020-08-01 00:15:29', 1, 0);
INSERT INTO tb_core_role_function (id, role_id, function_id, create_user, create_time, update_user, update_time, status, is_deleted) VALUES ('0d30d96cd34911ea97e4a34c90effc21', '1', 'a4da22e8d34711ea97e4a34c90effc21', 'root', '2020-08-01 00:15:29', 'root', '2020-08-01 00:15:29', 1, 0);
INSERT INTO tb_core_role_function (id, role_id, function_id, create_user, create_time, update_user, update_time, status, is_deleted) VALUES ('0d3258aad34911ea97e4a34c90effc21', '1', 'a4df8e40d34711ea97e4a34c90effc21', 'root', '2020-08-01 00:15:29', 'root', '2020-08-01 00:15:29', 1, 0);
INSERT INTO tb_core_role_function (id, role_id, function_id, create_user, create_time, update_user, update_time, status, is_deleted) VALUES ('0d33be8ed34911ea97e4a34c90effc21', '1', 'a4a0a4aad34711ea97e4a34c90effc21', 'root', '2020-08-01 00:15:29', 'root', '2020-08-01 00:15:29', 1, 0);
INSERT INTO tb_core_role_function (id, role_id, function_id, create_user, create_time, update_user, update_time, status, is_deleted) VALUES ('0d35841cd34911ea97e4a34c90effc21', '1', 'a4c2f546d34711ea97e4a34c90effc21', 'root', '2020-08-01 00:15:29', 'root', '2020-08-01 00:15:29', 1, 0);
INSERT INTO tb_core_role_function (id, role_id, function_id, create_user, create_time, update_user, update_time, status, is_deleted) VALUES ('0d370cf6d34911ea97e4a34c90effc21', '1', 'a4c77256d34711ea97e4a34c90effc21', 'root', '2020-08-01 00:15:29', 'root', '2020-08-01 00:15:29', 1, 0);
INSERT INTO tb_core_role_function (id, role_id, function_id, create_user, create_time, update_user, update_time, status, is_deleted) VALUES ('0d388612d34911ea97e4a34c90effc21', '1', 'a4c0e738d34711ea97e4a34c90effc21', 'root', '2020-08-01 00:15:29', 'root', '2020-08-01 00:15:29', 1, 0);
INSERT INTO tb_core_role_function (id, role_id, function_id, create_user, create_time, update_user, update_time, status, is_deleted) VALUES ('0d3a143cd34911ea97e4a34c90effc21', '1', 'a4cde53cd34711ea97e4a34c90effc21', 'root', '2020-08-01 00:15:29', 'root', '2020-08-01 00:15:29', 1, 0);
INSERT INTO tb_core_role_function (id, role_id, function_id, create_user, create_time, update_user, update_time, status, is_deleted) VALUES ('0d3ba8f6d34911ea97e4a34c90effc21', '1', 'a4cbd33cd34711ea97e4a34c90effc21', 'root', '2020-08-01 00:15:29', 'root', '2020-08-01 00:15:29', 1, 0);
INSERT INTO tb_core_role_function (id, role_id, function_id, create_user, create_time, update_user, update_time, status, is_deleted) VALUES ('0d3d2d8ed34911ea97e4a34c90effc21', '1', 'a4d34c5cd34711ea97e4a34c90effc21', 'root', '2020-08-01 00:15:29', 'root', '2020-08-01 00:15:29', 1, 0);
INSERT INTO tb_core_role_function (id, role_id, function_id, create_user, create_time, update_user, update_time, status, is_deleted) VALUES ('0d3ed4fed34911ea97e4a34c90effc21', '1', 'a4c9c2c2d34711ea97e4a34c90effc21', 'root', '2020-08-01 00:15:29', 'root', '2020-08-01 00:15:29', 1, 0);
INSERT INTO tb_core_role_function (id, role_id, function_id, create_user, create_time, update_user, update_time, status, is_deleted) VALUES ('0d4046c2d34911ea97e4a34c90effc21', '1', 'a4c55fa2d34711ea97e4a34c90effc21', 'root', '2020-08-01 00:15:29', 'root', '2020-08-01 00:15:29', 1, 0);
INSERT INTO tb_core_role_function (id, role_id, function_id, create_user, create_time, update_user, update_time, status, is_deleted) VALUES ('0d41ed1ad34911ea97e4a34c90effc21', '1', 'a4d00588d34711ea97e4a34c90effc21', 'root', '2020-08-01 00:15:29', 'root', '2020-08-01 00:15:29', 1, 0);
INSERT INTO tb_core_role_function (id, role_id, function_id, create_user, create_time, update_user, update_time, status, is_deleted) VALUES ('0d4983b8d34911ea97e4a34c90effc21', '1', 'a4d1c7e2d34711ea97e4a34c90effc21', 'root', '2020-08-01 00:15:29', 'root', '2020-08-01 00:15:29', 1, 0);


INSERT INTO tb_core_param (id, code, name, value, note, create_user, create_time, update_user, update_time, status,is_deleted,is_effect) VALUES ('39d36d80997f11ea80eb7a10df2f4ffc', 'JPOWER_IS_ACTIVATION', '新增用户默认是否激活', '1', '注册用户默认是否激活', 'root', '2020-05-12 10:33:50', 'root', '2020-05-12 10:33:50', 1,0,1);
INSERT INTO tb_core_param (id, code, name, value, note, create_user, create_time, update_user, update_time, status,is_deleted,is_effect) VALUES ('39d36d80127f11ea80eb7a10df2f4ffc', 'JPOWER_USER_DEFAULT_PASSWORD', '用户默认登录密码', '123456', '系统用户默认登录密码', 'root', '2020-05-12 10:33:50', 'root', '2020-05-12 10:33:50', 1,0,1);
INSERT INTO tb_core_param (id, code, name, value, note, create_user, create_time, update_user, update_time, status,is_deleted,is_effect) VALUES ('39d36d80127d11ea80eb7a10df2f4ffc', 'JPOWER_IP_LIST', '白名单地址', '', '白名单地址,多个逗号分割', 'root', '2020-05-12 10:33:50', 'root', '2020-05-12 10:33:50', 1,0,1);


INSERT INTO tb_core_dict_type (id, dict_type_code, dict_type_name, locale_code, note, del_enabled, sort_num, dict_type_pcode, create_user, create_time, update_user, update_time, status, is_deleted) VALUES ('35b523cad34e11ea97e4a34c90effc21', 'TOP_SYSTEM', '系统框架', 'zh_cn', null, 'N', 1, '-1', 'root', '2020-08-01 00:52:25', 'root', '2020-08-01 00:52:25', 1, 0);
INSERT INTO tb_core_dict_type (id, dict_type_code, dict_type_name, locale_code, note, del_enabled, sort_num, dict_type_pcode, create_user, create_time, update_user, update_time, status, is_deleted) VALUES ('35b7cae4d34e11ea97e4a34c90effc21', 'TOP_SYSTEM_CORE_ZDIAN', '核心-基础字典', 'zh_cn', null, 'N', 1, 'TOP_SYSTEM', 'root', '2020-08-01 00:52:25', 'root', '2020-08-01 00:52:25', 1, 0);
INSERT INTO tb_core_dict_type (id, dict_type_code, dict_type_name, locale_code, note, del_enabled, sort_num, dict_type_pcode, create_user, create_time, update_user, update_time, status, is_deleted) VALUES ('35b9e892d34e11ea97e4a34c90effc21', 'CITY_TYPE', '城市类型', 'zh_cn', null, 'N', 1, 'TOP_SYSTEM_CORE_ZDIAN', 'root', '2020-08-01 00:52:25', 'root', '2020-08-01 00:52:25', 1, 0);
INSERT INTO tb_core_dict_type (id, dict_type_code, dict_type_name, locale_code, note, del_enabled, sort_num, dict_type_pcode, create_user, create_time, update_user, update_time, status, is_deleted) VALUES ('35bc35f2d34e11ea97e4a34c90effc21', 'CITY_LEVEL', '行政区级别', 'zh_cn', null, 'N', 1, 'TOP_SYSTEM_CORE_ZDIAN', 'root', '2020-08-01 00:52:25', 'root', '2020-08-01 00:52:25', 1, 0);
INSERT INTO tb_core_dict_type (id, dict_type_code, dict_type_name, locale_code, note, del_enabled, sort_num, dict_type_pcode, create_user, create_time, update_user, update_time, status, is_deleted) VALUES ('35be8fe6d34e11ea97e4a34c90effc21', 'YYZL', '语言种类', 'zh_cn', null, 'N', 2, 'TOP_SYSTEM_CORE_ZDIAN', 'root', '2020-08-01 00:52:25', 'root', '2020-08-01 00:52:25', 1, 0);
INSERT INTO tb_core_dict_type (id, dict_type_code, dict_type_name, locale_code, note, del_enabled, sort_num, dict_type_pcode, create_user, create_time, update_user, update_time, status, is_deleted) VALUES ('35c0dcbad34e11ea97e4a34c90effc21', 'YN', '是否', 'zh_cn', null, 'N', 3, 'TOP_SYSTEM_CORE_ZDIAN', 'root', '2020-08-01 00:52:25', 'root', '2020-08-01 00:52:25', 1, 0);
INSERT INTO tb_core_dict_type (id, dict_type_code, dict_type_name, locale_code, note, del_enabled, sort_num, dict_type_pcode, create_user, create_time, update_user, update_time, status, is_deleted) VALUES ('35c394aad34e11ea97e4a34c90effc21', 'YN01', '是否01', 'zh_cn', null, 'N', 3, 'TOP_SYSTEM_CORE_ZDIAN', 'root', '2020-08-01 00:52:25', 'root', '2020-08-01 00:52:25', 1, 0);
INSERT INTO tb_core_dict_type (id, dict_type_code, dict_type_name, locale_code, note, del_enabled, sort_num, dict_type_pcode, create_user, create_time, update_user, update_time, status, is_deleted) VALUES ('35c5c23ed34e11ea97e4a34c90effc21', 'ID_TYPE', '证件类型', 'zh_cn', null, 'N', 4, 'TOP_SYSTEM_CORE_ZDIAN', 'root', '2020-08-01 00:52:25', 'root', '2020-08-01 00:52:25', 1, 0);
INSERT INTO tb_core_dict_type (id, dict_type_code, dict_type_name, locale_code, note, del_enabled, sort_num, dict_type_pcode, create_user, create_time, update_user, update_time, status, is_deleted) VALUES ('35c800eed34e11ea97e4a34c90effc21', 'USER_TYPE', '用户类型', 'zh_cn', null, 'N', 4, 'TOP_SYSTEM_CORE_ZDIAN', 'root', '2020-08-01 00:52:25', 'root', '2020-08-01 00:52:25', 1, 0);
INSERT INTO tb_core_dict_type (id, dict_type_code, dict_type_name, locale_code, note, del_enabled, sort_num, dict_type_pcode, create_user, create_time, update_user, update_time, status, is_deleted) VALUES ('35ca0a42d34e11ea97e4a34c90effc21', 'XBIE', '性别', 'zh_cn', null, 'N', 4, 'TOP_SYSTEM_CORE_ZDIAN', 'root', '2020-08-01 00:52:25', 'root', '2020-08-01 00:52:25', 1, 0);
INSERT INTO tb_core_dict_type (id, dict_type_code, dict_type_name, locale_code, note, del_enabled, sort_num, dict_type_pcode, create_user, create_time, update_user, update_time, status, is_deleted) VALUES ('d3e007ccd34e11ea97e4a34c90effc21', 'TOP_BUSINESS', '项目', 'zh_cn', null, 'N', 1, '-1', 'root', '2020-08-01 00:56:50', 'root', '2020-08-01 00:56:50', 1, 0);

INSERT INTO tb_core_dict (id, dict_type_code, code, name, locale_id, note, sort_num, create_user, create_time, update_user, update_time, status, is_deleted) VALUES ('3aab45eed34e11ea97e4a34c90effc21', 'CITY_TYPE', '1', '首都', 'zh_cn', null, 1, 'root', '2020-08-01 00:52:33', 'root', '2020-08-01 00:52:33', 1, 0);
INSERT INTO tb_core_dict (id, dict_type_code, code, name, locale_id, note, sort_num, create_user, create_time, update_user, update_time, status, is_deleted) VALUES ('3aae10bcd34e11ea97e4a34c90effc21', 'CITY_TYPE', '2', '直辖市', 'zh_cn', null, 1, 'root', '2020-08-01 00:52:33', 'root', '2020-08-01 00:52:33', 1, 0);
INSERT INTO tb_core_dict (id, dict_type_code, code, name, locale_id, note, sort_num, create_user, create_time, update_user, update_time, status, is_deleted) VALUES ('3ab01632d34e11ea97e4a34c90effc21', 'CITY_TYPE', '3', '地级市', 'zh_cn', null, 1, 'root', '2020-08-01 00:52:33', 'root', '2020-08-01 00:52:33', 1, 0);
INSERT INTO tb_core_dict (id, dict_type_code, code, name, locale_id, note, sort_num, create_user, create_time, update_user, update_time, status, is_deleted) VALUES ('3ab1e21ed34e11ea97e4a34c90effc21', 'CITY_TYPE', '4', '4县级市', 'zh_cn', null, 1, 'root', '2020-08-01 00:52:33', 'root', '2020-08-01 00:52:33', 1, 0);
INSERT INTO tb_core_dict (id, dict_type_code, code, name, locale_id, note, sort_num, create_user, create_time, update_user, update_time, status, is_deleted) VALUES ('3ab3cea8d34e11ea97e4a34c90effc21', 'CITY_TYPE', '9', '其他', 'zh_cn', null, 1, 'root', '2020-08-01 00:52:33', 'root', '2020-08-01 00:52:33', 1, 0);
INSERT INTO tb_core_dict (id, dict_type_code, code, name, locale_id, note, sort_num, create_user, create_time, update_user, update_time, status, is_deleted) VALUES ('3ab5a0fcd34e11ea97e4a34c90effc21', 'CITY_LEVEL', '1', '省份/直辖市', 'zh_cn', null, 1, 'root', '2020-08-01 00:52:33', 'root', '2020-08-01 00:52:33', 1, 0);
INSERT INTO tb_core_dict (id, dict_type_code, code, name, locale_id, note, sort_num, create_user, create_time, update_user, update_time, status, is_deleted) VALUES ('3ab78282d34e11ea97e4a34c90effc21', 'CITY_LEVEL', '2', '地市', 'zh_cn', null, 1, 'root', '2020-08-01 00:52:33', 'root', '2020-08-01 00:52:33', 1, 0);
INSERT INTO tb_core_dict (id, dict_type_code, code, name, locale_id, note, sort_num, create_user, create_time, update_user, update_time, status, is_deleted) VALUES ('3ab93fa0d34e11ea97e4a34c90effc21', 'CITY_LEVEL', '3', '区县', 'zh_cn', null, 1, 'root', '2020-08-01 00:52:33', 'root', '2020-08-01 00:52:33', 1, 0);
INSERT INTO tb_core_dict (id, dict_type_code, code, name, locale_id, note, sort_num, create_user, create_time, update_user, update_time, status, is_deleted) VALUES ('3abb673ad34e11ea97e4a34c90effc21', 'CITY_LEVEL', '4', '乡镇/街道', 'zh_cn', null, 1, 'root', '2020-08-01 00:52:33', 'root', '2020-08-01 00:52:33', 1, 0);
INSERT INTO tb_core_dict (id, dict_type_code, code, name, locale_id, note, sort_num, create_user, create_time, update_user, update_time, status, is_deleted) VALUES ('3abd1e54d34e11ea97e4a34c90effc21', 'CITY_LEVEL', '5', '村委', 'zh_cn', null, 1, 'root', '2020-08-01 00:52:33', 'root', '2020-08-01 00:52:33', 1, 0);
INSERT INTO tb_core_dict (id, dict_type_code, code, name, locale_id, note, sort_num, create_user, create_time, update_user, update_time, status, is_deleted) VALUES ('3abf0732d34e11ea97e4a34c90effc21', 'YYZL', 'zh_cn', '中文', 'zh_cn', null, 1, 'root', '2020-08-01 00:52:33', 'root', '2020-08-01 00:52:33', 1, 0);
INSERT INTO tb_core_dict (id, dict_type_code, code, name, locale_id, note, sort_num, create_user, create_time, update_user, update_time, status, is_deleted) VALUES ('3ac0a132d34e11ea97e4a34c90effc21', 'YYZL', 'en_us', '英文', 'zh_cn', null, 1, 'root', '2020-08-01 00:52:33', 'root', '2020-08-01 00:52:33', 1, 0);
INSERT INTO tb_core_dict (id, dict_type_code, code, name, locale_id, note, sort_num, create_user, create_time, update_user, update_time, status, is_deleted) VALUES ('3ac2a374d34e11ea97e4a34c90effc21', 'YN', 'Y', '是', 'zh_cn', null, 1, 'root', '2020-08-01 00:52:33', 'root', '2020-08-01 00:52:33', 1, 0);
INSERT INTO tb_core_dict (id, dict_type_code, code, name, locale_id, note, sort_num, create_user, create_time, update_user, update_time, status, is_deleted) VALUES ('3ac41fb0d34e11ea97e4a34c90effc21', 'YN', 'N', '否', 'zh_cn', null, 1, 'root', '2020-08-01 00:52:33', 'root', '2020-08-01 00:52:33', 1, 0);
INSERT INTO tb_core_dict (id, dict_type_code, code, name, locale_id, note, sort_num, create_user, create_time, update_user, update_time, status, is_deleted) VALUES ('3ac5f506d34e11ea97e4a34c90effc21', 'YN01', '1', '是', 'zh_cn', null, 1, 'root', '2020-08-01 00:52:33', 'root', '2020-08-01 00:52:33', 1, 0);
INSERT INTO tb_core_dict (id, dict_type_code, code, name, locale_id, note, sort_num, create_user, create_time, update_user, update_time, status, is_deleted) VALUES ('3ac7a338d34e11ea97e4a34c90effc21', 'YN01', '0', '否', 'zh_cn', null, 1, 'root', '2020-08-01 00:52:33', 'root', '2020-08-01 00:52:33', 1, 0);
INSERT INTO tb_core_dict (id, dict_type_code, code, name, locale_id, note, sort_num, create_user, create_time, update_user, update_time, status, is_deleted) VALUES ('3ac96b14d34e11ea97e4a34c90effc21', 'ID_TYPE', '1', '身份证', 'zh_cn', null, 1, 'root', '2020-08-01 00:52:33', 'root', '2020-08-01 00:52:33', 1, 0);
INSERT INTO tb_core_dict (id, dict_type_code, code, name, locale_id, note, sort_num, create_user, create_time, update_user, update_time, status, is_deleted) VALUES ('3acf7946d34e11ea97e4a34c90effc21', 'ID_TYPE', '2', '中国护照', 'zh_cn', null, 1, 'root', '2020-08-01 00:52:33', 'root', '2020-08-01 00:52:33', 1, 0);
INSERT INTO tb_core_dict (id, dict_type_code, code, name, locale_id, note, sort_num, create_user, create_time, update_user, update_time, status, is_deleted) VALUES ('3ad1086ad34e11ea97e4a34c90effc21', 'ID_TYPE', '3', '台胞证', 'zh_cn', null, 1, 'root', '2020-08-01 00:52:33', 'root', '2020-08-01 00:52:33', 1, 0);
INSERT INTO tb_core_dict (id, dict_type_code, code, name, locale_id, note, sort_num, create_user, create_time, update_user, update_time, status, is_deleted) VALUES ('3ad2d410d34e11ea97e4a34c90effc21', 'ID_TYPE', '4', '外国护照', 'zh_cn', null, 1, 'root', '2020-08-01 00:52:33', 'root', '2020-08-01 00:52:33', 1, 0);
INSERT INTO tb_core_dict (id, dict_type_code, code, name, locale_id, note, sort_num, create_user, create_time, update_user, update_time, status, is_deleted) VALUES ('3ad430f8d34e11ea97e4a34c90effc21', 'ID_TYPE', '5', '外国人永居证', 'zh_cn', null, 1, 'root', '2020-08-01 00:52:33', 'root', '2020-08-01 00:52:33', 1, 0);
INSERT INTO tb_core_dict (id, dict_type_code, code, name, locale_id, note, sort_num, create_user, create_time, update_user, update_time, status, is_deleted) VALUES ('3ad5ef88d34e11ea97e4a34c90effc21', 'USER_TYPE', '0', '系统用户', 'zh_cn', null, 1, 'root', '2020-08-01 00:52:33', 'root', '2020-08-01 00:52:33', 1, 0);
INSERT INTO tb_core_dict (id, dict_type_code, code, name, locale_id, note, sort_num, create_user, create_time, update_user, update_time, status, is_deleted) VALUES ('3ad74ae0d34e11ea97e4a34c90effc21', 'USER_TYPE', '1', '普通用户', 'zh_cn', null, 1, 'root', '2020-08-01 00:52:33', 'root', '2020-08-01 00:52:33', 1, 0);
INSERT INTO tb_core_dict (id, dict_type_code, code, name, locale_id, note, sort_num, create_user, create_time, update_user, update_time, status, is_deleted) VALUES ('3ad8fed0d34e11ea97e4a34c90effc21', 'USER_TYPE', '2', '单位用户', 'zh_cn', null, 1, 'root', '2020-08-01 00:52:33', 'root', '2020-08-01 00:52:33', 1, 0);
INSERT INTO tb_core_dict (id, dict_type_code, code, name, locale_id, note, sort_num, create_user, create_time, update_user, update_time, status, is_deleted) VALUES ('3ada5e38d34e11ea97e4a34c90effc21', 'USER_TYPE', '3', '会员', 'zh_cn', null, 1, 'root', '2020-08-01 00:52:33', 'root', '2020-08-01 00:52:33', 1, 0);
INSERT INTO tb_core_dict (id, dict_type_code, code, name, locale_id, note, sort_num, create_user, create_time, update_user, update_time, status, is_deleted) VALUES ('3adbaf2cd34e11ea97e4a34c90effc21', 'USER_TYPE', '9', '匿名用户', 'zh_cn', null, 1, 'root', '2020-08-01 00:52:33', 'root', '2020-08-01 00:52:33', 1, 0);
INSERT INTO tb_core_dict (id, dict_type_code, code, name, locale_id, note, sort_num, create_user, create_time, update_user, update_time, status, is_deleted) VALUES ('3add39aad34e11ea97e4a34c90effc21', 'XBIE', 'FEMALE', '女', 'zh_cn', null, 1, 'root', '2020-08-01 00:52:33', 'root', '2020-08-01 00:52:33', 1, 0);
INSERT INTO tb_core_dict (id, dict_type_code, code, name, locale_id, note, sort_num, create_user, create_time, update_user, update_time, status, is_deleted) VALUES ('3ade7ce8d34e11ea97e4a34c90effc21', 'XBIE', 'MAN', '男', 'zh_cn', null, 1, 'root', '2020-08-01 00:52:33', 'root', '2020-08-01 00:52:33', 1, 0);

INSERT INTO tb_core_client (id, name, role_ids, client_code, client_secret, access_token_validity, refresh_token_validity, sort_num, note, create_user, create_time, update_user, update_time, status, is_deleted) VALUES ('75cfc202d34f11ea97e4a34c90effc21', '后台管理平台', 'all', 'admin', 'SCewmm', 1800, 2400, 1, null, 'root', '2020-08-01 01:01:22', 'root', '2020-08-01 01:01:22', 1, 0);
INSERT INTO tb_core_client (id, name, role_ids, client_code, client_secret, access_token_validity, refresh_token_validity, sort_num, note, create_user, create_time, update_user, update_time, status, is_deleted) VALUES ('75d2f77ed34f11ea97e4a34c90effc21', '微信端', null, 'wx', 'fGoKex', 600, 900, 2, null, 'root', '2020-08-01 01:01:22', 'root', '2020-08-01 01:01:22', 1, 0);